scene,frame,base_render_path,method_render_path,gt_path,clean_PSNR,method_PSNR,dPSNR_vs_clean,clean_SSIM,method_SSIM,dSSIM_vs_clean,clean_LPIPS,method_LPIPS,dLPIPS_vs_clean,phasej_PSNR,phasej_SSIM,phasej_LPIPS,changed_pixel_fraction,mean_abs_rgb_delta,max_abs_rgb_delta,strict_rgb_win_vs_clean
counter,00000.png,outputs/carnet/meshsplatopt/ecsr_phase_f/policy_val_compaction_ladder_v2_envfix/counter/ratio_0200/compact_model/test/ours_26000_phasef_extra_compact_base/renders/00000.png,/dev/shm/peilincai_spcarnet_v100_checkpoint_attached_ela_fixed_counter_20260625/recovery_model/test/ours_26000_v100_checkpoint_attached_ela_endpoint/renders/00000.png,/dev/shm/peilincai_spcarnet_v100_checkpoint_attached_ela_fixed_counter_20260625/recovery_model/test/ours_26000_v100_checkpoint_attached_ela_endpoint/gt/00000.png,24.19652557373047,24.67604637145996,0.4795207977294922,0.8148488998413086,0.8287635445594788,0.013914644718170166,0.30708253383636475,0.2517215609550476,-0.05536097288131714,24.67604637145996,0.8287635445594788,0.2517215609550476,0.9786539077758789,0.013080401346087456,0.2500000298023224,True
counter,00001.png,outputs/carnet/meshsplatopt/ecsr_phase_f/policy_val_compaction_ladder_v2_envfix/counter/ratio_0200/compact_model/test/ours_26000_phasef_extra_compact_base/renders/00001.png,/dev/shm/peilincai_spcarnet_v100_checkpoint_attached_ela_fixed_counter_20260625/recovery_model/test/ours_26000_v100_checkpoint_attached_ela_endpoint/renders/00001.png,/dev/shm/peilincai_spcarnet_v100_checkpoint_attached_ela_fixed_counter_20260625/recovery_model/test/ours_26000_v100_checkpoint_attached_ela_endpoint/gt/00001.png,27.88274574279785,29.548616409301758,1.6658706665039062,0.8639218211174011,0.9046529531478882,0.04073113203048706,0.21881119906902313,0.149749755859375,-0.06906144320964813,29.548616409301758,0.9046529531478882,0.149749755859375,0.9754452705383301,0.010188798420131207,0.2500000298023224,True
counter,00002.png,outputs/carnet/meshsplatopt/ecsr_phase_f/policy_val_compaction_ladder_v2_envfix/counter/ratio_0200/compact_model/test/ours_26000_phasef_extra_compact_base/renders/00002.png,/dev/shm/peilincai_spcarnet_v100_checkpoint_attached_ela_fixed_counter_20260625/recovery_model/test/ours_26000_v100_checkpoint_attached_ela_endpoint/renders/00002.png,/dev/shm/peilincai_spcarnet_v100_checkpoint_attached_ela_fixed_counter_20260625/recovery_model/test/ours_26000_v100_checkpoint_attached_ela_endpoint/gt/00002.png,25.86788558959961,27.2520751953125,1.3841896057128906,0.8548191785812378,0.8888751864433289,0.034056007862091064,0.23629000782966614,0.1764349788427353,-0.05985502898693085,27.2520751953125,0.8888751864433289,0.1764349788427353,0.9650229811668396,0.010779527947306633,0.2500000298023224,True
counter,00003.png,outputs/carnet/meshsplatopt/ecsr_phase_f/policy_val_compaction_ladder_v2_envfix/counter/ratio_0200/compact_model/test/ours_26000_phasef_extra_compact_base/renders/00003.png,/dev/shm/peilincai_spcarnet_v100_checkpoint_attached_ela_fixed_counter_20260625/recovery_model/test/ours_26000_v100_checkpoint_attached_ela_endpoint/renders/00003.png,/dev/shm/peilincai_spcarnet_v100_checkpoint_attached_ela_fixed_counter_20260625/recovery_model/test/ours_26000_v100_checkpoint_attached_ela_endpoint/gt/00003.png,25.275955200195312,26.041522979736328,0.7655677795410156,0.8169127106666565,0.8268348574638367,0.009922146797180176,0.2986026108264923,0.26189273595809937,-0.036709874868392944,26.041522979736328,0.8268348574638367,0.26189273595809937,0.9523331522941589,0.010608134791254997,0.2500000298023224,True
counter,00004.png,outputs/carnet/meshsplatopt/ecsr_phase_f/policy_val_compaction_ladder_v2_envfix/counter/ratio_0200/compact_model/test/ours_26000_phasef_extra_compact_base/renders/00004.png,/dev/shm/peilincai_spcarnet_v100_checkpoint_attached_ela_fixed_counter_20260625/recovery_model/test/ours_26000_v100_checkpoint_attached_ela_endpoint/renders/00004.png,/dev/shm/peilincai_spcarnet_v100_checkpoint_attached_ela_fixed_counter_20260625/recovery_model/test/ours_26000_v100_checkpoint_attached_ela_endpoint/gt/00004.png,29.1978759765625,31.648893356323242,2.451017379760742,0.894097089767456,0.9261781573295593,0.03208106756210327,0.23179125785827637,0.16304440796375275,-0.06874684989452362,31.648893356323242,0.9261781573295593,0.16304440796375275,0.9871296286582947,0.008665664121508598,0.2500000298023224,True
counter,00005.png,outputs/carnet/meshsplatopt/ecsr_phase_f/policy_val_compaction_ladder_v2_envfix/counter/ratio_0200/compact_model/test/ours_26000_phasef_extra_compact_base/renders/00005.png,/dev/shm/peilincai_spcarnet_v100_checkpoint_attached_ela_fixed_counter_20260625/recovery_model/test/ours_26000_v100_checkpoint_attached_ela_endpoint/renders/00005.png,/dev/shm/peilincai_spcarnet_v100_checkpoint_attached_ela_fixed_counter_20260625/recovery_model/test/ours_26000_v100_checkpoint_attached_ela_endpoint/gt/00005.png,27.982168197631836,28.360383987426758,0.3782157897949219,0.8594838380813599,0.8732271194458008,0.013743281364440918,0.31659823656082153,0.25920939445495605,-0.05738884210586548,28.360383987426758,0.8732271194458008,0.25920939445495605,0.9623115062713623,0.00858002807945013,0.2500000298023224,True
counter,00006.png,outputs/carnet/meshsplatopt/ecsr_phase_f/policy_val_compaction_ladder_v2_envfix/counter/ratio_0200/compact_model/test/ours_26000_phasef_extra_compact_base/renders/00006.png,/dev/shm/peilincai_spcarnet_v100_checkpoint_attached_ela_fixed_counter_20260625/recovery_model/test/ours_26000_v100_checkpoint_attached_ela_endpoint/renders/00006.png,/dev/shm/peilincai_spcarnet_v100_checkpoint_attached_ela_fixed_counter_20260625/recovery_model/test/ours_26000_v100_checkpoint_attached_ela_endpoint/gt/00006.png,27.60127830505371,29.818344116210938,2.2170658111572266,0.8628087043762207,0.8993217349052429,0.03651303052902222,0.2455390840768814,0.1713414043188095,-0.0741976797580719,29.818344116210938,0.8993217349052429,0.1713414043188095,0.9865391254425049,0.011801534332334995,0.2500000298023224,True
counter,00007.png,outputs/carnet/meshsplatopt/ecsr_phase_f/policy_val_compaction_ladder_v2_envfix/counter/ratio_0200/compact_model/test/ours_26000_phasef_extra_compact_base/renders/00007.png,/dev/shm/peilincai_spcarnet_v100_checkpoint_attached_ela_fixed_counter_20260625/recovery_model/test/ours_26000_v100_checkpoint_attached_ela_endpoint/renders/00007.png,/dev/shm/peilincai_spcarnet_v100_checkpoint_attached_ela_fixed_counter_20260625/recovery_model/test/ours_26000_v100_checkpoint_attached_ela_endpoint/gt/00007.png,27.731637954711914,31.24526596069336,3.5136280059814453,0.872970461845398,0.9209927916526794,0.048022329807281494,0.2116222083568573,0.12080121785402298,-0.09082099050283432,31.24526596069336,0.9209927916526794,0.12080121785402298,0.9754835963249207,0.012553771026432514,0.2500000298023224,True
counter,00008.png,outputs/carnet/meshsplatopt/ecsr_phase_f/policy_val_compaction_ladder_v2_envfix/counter/ratio_0200/compact_model/test/ours_26000_phasef_extra_compact_base/renders/00008.png,/dev/shm/peilincai_spcarnet_v100_checkpoint_attached_ela_fixed_counter_20260625/recovery_model/test/ours_26000_v100_checkpoint_attached_ela_endpoint/renders/00008.png,/dev/shm/peilincai_spcarnet_v100_checkpoint_attached_ela_fixed_counter_20260625/recovery_model/test/ours_26000_v100_checkpoint_attached_ela_endpoint/gt/00008.png,26.68815803527832,27.237855911254883,0.5496978759765625,0.8509066104888916,0.890706479549408,0.03979986906051636,0.33437979221343994,0.2627231776714325,-0.07165661454200745,27.237855911254883,0.890706479549408,0.2627231776714325,0.965998113155365,0.008098932914435863,0.2454906404018402,True
counter,00009.png,outputs/carnet/meshsplatopt/ecsr_phase_f/policy_val_compaction_ladder_v2_envfix/counter/ratio_0200/compact_model/test/ours_26000_phasef_extra_compact_base/renders/00009.png,/dev/shm/peilincai_spcarnet_v100_checkpoint_attached_ela_fixed_counter_20260625/recovery_model/test/ours_26000_v100_checkpoint_attached_ela_endpoint/renders/00009.png,/dev/shm/peilincai_spcarnet_v100_checkpoint_attached_ela_fixed_counter_20260625/recovery_model/test/ours_26000_v100_checkpoint_attached_ela_endpoint/gt/00009.png,24.551237106323242,25.27130126953125,0.7200641632080078,0.8443855047225952,0.8746998310089111,0.030314326286315918,0.2278258204460144,0.16933920979499817,-0.058486610651016235,25.27130126953125,0.8746998310089111,0.16933920979499817,0.9698417782783508,0.01060730405151844,0.2500000298023224,True
counter,00010.png,outputs/carnet/meshsplatopt/ecsr_phase_f/policy_val_compaction_ladder_v2_envfix/counter/ratio_0200/compact_model/test/ours_26000_phasef_extra_compact_base/renders/00010.png,/dev/shm/peilincai_spcarnet_v100_checkpoint_attached_ela_fixed_counter_20260625/recovery_model/test/ours_26000_v100_checkpoint_attached_ela_endpoint/renders/00010.png,/dev/shm/peilincai_spcarnet_v100_checkpoint_attached_ela_fixed_counter_20260625/recovery_model/test/ours_26000_v100_checkpoint_attached_ela_endpoint/gt/00010.png,26.289318084716797,28.16864776611328,1.8793296813964844,0.8435155749320984,0.8929926156997681,0.04947704076766968,0.2407519519329071,0.16599278151988983,-0.07475917041301727,28.16864776611328,0.8929926156997681,0.16599278151988983,0.9751855731010437,0.013035220094025135,0.2500000298023224,True
counter,00011.png,outputs/carnet/meshsplatopt/ecsr_phase_f/policy_val_compaction_ladder_v2_envfix/counter/ratio_0200/compact_model/test/ours_26000_phasef_extra_compact_base/renders/00011.png,/dev/shm/peilincai_spcarnet_v100_checkpoint_attached_ela_fixed_counter_20260625/recovery_model/test/ours_26000_v100_checkpoint_attached_ela_endpoint/renders/00011.png,/dev/shm/peilincai_spcarnet_v100_checkpoint_attached_ela_fixed_counter_20260625/recovery_model/test/ours_26000_v100_checkpoint_attached_ela_endpoint/gt/00011.png,28.278825759887695,29.536741256713867,1.2579154968261719,0.876978874206543,0.8988773226737976,0.02189844846725464,0.31841951608657837,0.252218633890152,-0.06620088219642639,29.536741256713867,0.8988773226737976,0.252218633890152,0.990312933921814,0.008598475717008114,0.2499999701976776,True
counter,00012.png,outputs/carnet/meshsplatopt/ecsr_phase_f/policy_val_compaction_ladder_v2_envfix/counter/ratio_0200/compact_model/test/ours_26000_phasef_extra_compact_base/renders/00012.png,/dev/shm/peilincai_spcarnet_v100_checkpoint_attached_ela_fixed_counter_20260625/recovery_model/test/ours_26000_v100_checkpoint_attached_ela_endpoint/renders/00012.png,/dev/shm/peilincai_spcarnet_v100_checkpoint_attached_ela_fixed_counter_20260625/recovery_model/test/ours_26000_v100_checkpoint_attached_ela_endpoint/gt/00012.png,24.800342559814453,25.912235260009766,1.1118927001953125,0.8457788228988647,0.8863299489021301,0.04055112600326538,0.23303982615470886,0.16092200577259064,-0.07211782038211823,25.912235260009766,0.8863299489021301,0.16092200577259064,0.9660512804985046,0.0130865927785635,0.2500000298023224,True
counter,00013.png,outputs/carnet/meshsplatopt/ecsr_phase_f/policy_val_compaction_ladder_v2_envfix/counter/ratio_0200/compact_model/test/ours_26000_phasef_extra_compact_base/renders/00013.png,/dev/shm/peilincai_spcarnet_v100_checkpoint_attached_ela_fixed_counter_20260625/recovery_model/test/ours_26000_v100_checkpoint_attached_ela_endpoint/renders/00013.png,/dev/shm/peilincai_spcarnet_v100_checkpoint_attached_ela_fixed_counter_20260625/recovery_model/test/ours_26000_v100_checkpoint_attached_ela_endpoint/gt/00013.png,26.608095169067383,28.786354064941406,2.1782588958740234,0.865852952003479,0.906614363193512,0.04076141119003296,0.21399593353271484,0.1474795937538147,-0.06651633977890015,28.786354064941406,0.906614363193512,0.1474795937538147,0.9873213171958923,0.012505107559263706,0.2500000298023224,True
counter,00014.png,outputs/carnet/meshsplatopt/ecsr_phase_f/policy_val_compaction_ladder_v2_envfix/counter/ratio_0200/compact_model/test/ours_26000_phasef_extra_compact_base/renders/00014.png,/dev/shm/peilincai_spcarnet_v100_checkpoint_attached_ela_fixed_counter_20260625/recovery_model/test/ours_26000_v100_checkpoint_attached_ela_endpoint/renders/00014.png,/dev/shm/peilincai_spcarnet_v100_checkpoint_attached_ela_fixed_counter_20260625/recovery_model/test/ours_26000_v100_checkpoint_attached_ela_endpoint/gt/00014.png,23.9808349609375,25.78122901916504,1.800394058227539,0.8358108997344971,0.8743339776992798,0.038523077964782715,0.28644615411758423,0.21600842475891113,-0.0704377293586731,25.78122901916504,0.8743339776992798,0.21600842475891113,0.9776447415351868,0.014423023909330368,0.2500000298023224,True
counter,00015.png,outputs/carnet/meshsplatopt/ecsr_phase_f/policy_val_compaction_ladder_v2_envfix/counter/ratio_0200/compact_model/test/ours_26000_phasef_extra_compact_base/renders/00015.png,/dev/shm/peilincai_spcarnet_v100_checkpoint_attached_ela_fixed_counter_20260625/recovery_model/test/ours_26000_v100_checkpoint_attached_ela_endpoint/renders/00015.png,/dev/shm/peilincai_spcarnet_v100_checkpoint_attached_ela_fixed_counter_20260625/recovery_model/test/ours_26000_v100_checkpoint_attached_ela_endpoint/gt/00015.png,27.488845825195312,29.549602508544922,2.0607566833496094,0.870402991771698,0.9011310338973999,0.030728042125701904,0.2541399598121643,0.1956070214509964,-0.05853293836116791,29.549602508544922,0.9011310338973999,0.1956070214509964,0.985507071018219,0.011404354125261307,0.2500000298023224,True
counter,00016.png,outputs/carnet/meshsplatopt/ecsr_phase_f/policy_val_compaction_ladder_v2_envfix/counter/ratio_0200/compact_model/test/ours_26000_phasef_extra_compact_base/renders/00016.png,/dev/shm/peilincai_spcarnet_v100_checkpoint_attached_ela_fixed_counter_20260625/recovery_model/test/ours_26000_v100_checkpoint_attached_ela_endpoint/renders/00016.png,/dev/shm/peilincai_spcarnet_v100_checkpoint_attached_ela_fixed_counter_20260625/recovery_model/test/ours_26000_v100_checkpoint_attached_ela_endpoint/gt/00016.png,26.81603240966797,28.729068756103516,1.9130363464355469,0.8804914951324463,0.9128042459487915,0.032312750816345215,0.2058885246515274,0.14993101358413696,-0.05595751106739044,28.729068756103516,0.9128042459487915,0.14993101358413696,0.9888282418251038,0.011217703111469746,0.2500000298023224,True
counter,00017.png,outputs/carnet/meshsplatopt/ecsr_phase_f/policy_val_compaction_ladder_v2_envfix/counter/ratio_0200/compact_model/test/ours_26000_phasef_extra_compact_base/renders/00017.png,/dev/shm/peilincai_spcarnet_v100_checkpoint_attached_ela_fixed_counter_20260625/recovery_model/test/ours_26000_v100_checkpoint_attached_ela_endpoint/renders/00017.png,/dev/shm/peilincai_spcarnet_v100_checkpoint_attached_ela_fixed_counter_20260625/recovery_model/test/ours_26000_v100_checkpoint_attached_ela_endpoint/gt/00017.png,23.922975540161133,25.89550018310547,1.972524642944336,0.8658372163772583,0.892340362071991,0.026503145694732666,0.28363746404647827,0.21172863245010376,-0.07190883159637451,25.89550018310547,0.892340362071991,0.21172863245010376,0.9909751415252686,0.015229690819978714,0.2500000298023224,True
counter,00018.png,outputs/carnet/meshsplatopt/ecsr_phase_f/policy_val_compaction_ladder_v2_envfix/counter/ratio_0200/compact_model/test/ours_26000_phasef_extra_compact_base/renders/00018.png,/dev/shm/peilincai_spcarnet_v100_checkpoint_attached_ela_fixed_counter_20260625/recovery_model/test/ours_26000_v100_checkpoint_attached_ela_endpoint/renders/00018.png,/dev/shm/peilincai_spcarnet_v100_checkpoint_attached_ela_fixed_counter_20260625/recovery_model/test/ours_26000_v100_checkpoint_attached_ela_endpoint/gt/00018.png,26.54022216796875,29.31078338623047,2.7705612182617188,0.8544878959655762,0.9022733569145203,0.04778546094894409,0.25521981716156006,0.1737188696861267,-0.08150094747543335,29.31078338623047,0.9022733569145203,0.1737188696861267,0.9888622760772705,0.014050002209842205,0.2500000298023224,True
counter,00019.png,outputs/carnet/meshsplatopt/ecsr_phase_f/policy_val_compaction_ladder_v2_envfix/counter/ratio_0200/compact_model/test/ours_26000_phasef_extra_compact_base/renders/00019.png,/dev/shm/peilincai_spcarnet_v100_checkpoint_attached_ela_fixed_counter_20260625/recovery_model/test/ours_26000_v100_checkpoint_attached_ela_endpoint/renders/00019.png,/dev/shm/peilincai_spcarnet_v100_checkpoint_attached_ela_fixed_counter_20260625/recovery_model/test/ours_26000_v100_checkpoint_attached_ela_endpoint/gt/00019.png,23.67669677734375,24.528295516967773,0.8515987396240234,0.8608861565589905,0.8955252766609192,0.03463912010192871,0.22213175892829895,0.1640862226486206,-0.058045536279678345,24.528295516967773,0.8955252766609192,0.1640862226486206,0.9595857858657837,0.010688061825931072,0.2500000298023224,True
counter,00020.png,outputs/carnet/meshsplatopt/ecsr_phase_f/policy_val_compaction_ladder_v2_envfix/counter/ratio_0200/compact_model/test/ours_26000_phasef_extra_compact_base/renders/00020.png,/dev/shm/peilincai_spcarnet_v100_checkpoint_attached_ela_fixed_counter_20260625/recovery_model/test/ours_26000_v100_checkpoint_attached_ela_endpoint/renders/00020.png,/dev/shm/peilincai_spcarnet_v100_checkpoint_attached_ela_fixed_counter_20260625/recovery_model/test/ours_26000_v100_checkpoint_attached_ela_endpoint/gt/00020.png,28.661840438842773,30.551773071289062,1.889932632446289,0.8652180433273315,0.9048314690589905,0.039613425731658936,0.2561759948730469,0.17386563122272491,-0.08231036365032196,30.551773071289062,0.9048314690589905,0.17386563122272491,0.987327516078949,0.010806665755808353,0.2500000298023224,True
counter,00021.png,outputs/carnet/meshsplatopt/ecsr_phase_f/policy_val_compaction_ladder_v2_envfix/counter/ratio_0200/compact_model/test/ours_26000_phasef_extra_compact_base/renders/00021.png,/dev/shm/peilincai_spcarnet_v100_checkpoint_attached_ela_fixed_counter_20260625/recovery_model/test/ours_26000_v100_checkpoint_attached_ela_endpoint/renders/00021.png,/dev/shm/peilincai_spcarnet_v100_checkpoint_attached_ela_fixed_counter_20260625/recovery_model/test/ours_26000_v100_checkpoint_attached_ela_endpoint/gt/00021.png,27.356111526489258,29.279186248779297,1.923074722290039,0.8575570583343506,0.8915627598762512,0.034005701541900635,0.2894725799560547,0.21628588438034058,-0.07318669557571411,29.279186248779297,0.8915627598762512,0.21628588438034058,0.9643347263336182,0.01054079458117485,0.2500000298023224,True
counter,00022.png,outputs/carnet/meshsplatopt/ecsr_phase_f/policy_val_compaction_ladder_v2_envfix/counter/ratio_0200/compact_model/test/ours_26000_phasef_extra_compact_base/renders/00022.png,/dev/shm/peilincai_spcarnet_v100_checkpoint_attached_ela_fixed_counter_20260625/recovery_model/test/ours_26000_v100_checkpoint_attached_ela_endpoint/renders/00022.png,/dev/shm/peilincai_spcarnet_v100_checkpoint_attached_ela_fixed_counter_20260625/recovery_model/test/ours_26000_v100_checkpoint_attached_ela_endpoint/gt/00022.png,27.302244186401367,28.980331420898438,1.6780872344970703,0.8791646957397461,0.9128415584564209,0.033676862716674805,0.2144937366247177,0.15402613580226898,-0.06046760082244873,28.980331420898438,0.9128415584564209,0.15402613580226898,0.9757006764411926,0.010047497227787971,0.2500000298023224,True
counter,00023.png,outputs/carnet/meshsplatopt/ecsr_phase_f/policy_val_compaction_ladder_v2_envfix/counter/ratio_0200/compact_model/test/ours_26000_phasef_extra_compact_base/renders/00023.png,/dev/shm/peilincai_spcarnet_v100_checkpoint_attached_ela_fixed_counter_20260625/recovery_model/test/ours_26000_v100_checkpoint_attached_ela_endpoint/renders/00023.png,/dev/shm/peilincai_spcarnet_v100_checkpoint_attached_ela_fixed_counter_20260625/recovery_model/test/ours_26000_v100_checkpoint_attached_ela_endpoint/gt/00023.png,28.83157730102539,30.986587524414062,2.155010223388672,0.8977212309837341,0.9217236638069153,0.024002432823181152,0.20999181270599365,0.14955554902553558,-0.06043626368045807,30.986587524414062,0.9217236638069153,0.14955554902553558,0.9885029792785645,0.010138947516679764,0.2500000298023224,True
counter,00024.png,outputs/carnet/meshsplatopt/ecsr_phase_f/policy_val_compaction_ladder_v2_envfix/counter/ratio_0200/compact_model/test/ours_26000_phasef_extra_compact_base/renders/00024.png,/dev/shm/peilincai_spcarnet_v100_checkpoint_attached_ela_fixed_counter_20260625/recovery_model/test/ours_26000_v100_checkpoint_attached_ela_endpoint/renders/00024.png,/dev/shm/peilincai_spcarnet_v100_checkpoint_attached_ela_fixed_counter_20260625/recovery_model/test/ours_26000_v100_checkpoint_attached_ela_endpoint/gt/00024.png,28.705291748046875,30.56183624267578,1.8565444946289062,0.8835042119026184,0.9155963063240051,0.03209209442138672,0.25762122869491577,0.18074966967105865,-0.07687155902385712,30.56183624267578,0.9155963063240051,0.18074966967105865,0.9839482307434082,0.01036213617771864,0.25,True
counter,00025.png,outputs/carnet/meshsplatopt/ecsr_phase_f/policy_val_compaction_ladder_v2_envfix/counter/ratio_0200/compact_model/test/ours_26000_phasef_extra_compact_base/renders/00025.png,/dev/shm/peilincai_spcarnet_v100_checkpoint_attached_ela_fixed_counter_20260625/recovery_model/test/ours_26000_v100_checkpoint_attached_ela_endpoint/renders/00025.png,/dev/shm/peilincai_spcarnet_v100_checkpoint_attached_ela_fixed_counter_20260625/recovery_model/test/ours_26000_v100_checkpoint_attached_ela_endpoint/gt/00025.png,30.102947235107422,32.310150146484375,2.207202911376953,0.9056714773178101,0.9283316731452942,0.02266019582748413,0.19335006177425385,0.1440141499042511,-0.04933591187000275,32.310150146484375,0.9283316731452942,0.1440141499042511,0.9829694032669067,0.008546869270503521,0.2500000298023224,True
counter,00026.png,outputs/carnet/meshsplatopt/ecsr_phase_f/policy_val_compaction_ladder_v2_envfix/counter/ratio_0200/compact_model/test/ours_26000_phasef_extra_compact_base/renders/00026.png,/dev/shm/peilincai_spcarnet_v100_checkpoint_attached_ela_fixed_counter_20260625/recovery_model/test/ours_26000_v100_checkpoint_attached_ela_endpoint/renders/00026.png,/dev/shm/peilincai_spcarnet_v100_checkpoint_attached_ela_fixed_counter_20260625/recovery_model/test/ours_26000_v100_checkpoint_attached_ela_endpoint/gt/00026.png,29.669370651245117,32.73313903808594,3.0637683868408203,0.899198055267334,0.9320405721664429,0.03284251689910889,0.20860598981380463,0.1404510736465454,-0.06815491616725922,32.73313903808594,0.9320405721664429,0.1404510736465454,0.9852325320243835,0.010468361899256706,0.2500000298023224,True
counter,00027.png,outputs/carnet/meshsplatopt/ecsr_phase_f/policy_val_compaction_ladder_v2_envfix/counter/ratio_0200/compact_model/test/ours_26000_phasef_extra_compact_base/renders/00027.png,/dev/shm/peilincai_spcarnet_v100_checkpoint_attached_ela_fixed_counter_20260625/recovery_model/test/ours_26000_v100_checkpoint_attached_ela_endpoint/renders/00027.png,/dev/shm/peilincai_spcarnet_v100_checkpoint_attached_ela_fixed_counter_20260625/recovery_model/test/ours_26000_v100_checkpoint_attached_ela_endpoint/gt/00027.png,26.175090789794922,28.684141159057617,2.5090503692626953,0.8700504302978516,0.9104970097541809,0.040446579456329346,0.222310870885849,0.13883985579013824,-0.08347101509571075,28.684141159057617,0.9104970097541809,0.13883985579013824,0.9861674904823303,0.014032924547791481,0.2500000298023224,True
counter,00028.png,outputs/carnet/meshsplatopt/ecsr_phase_f/policy_val_compaction_ladder_v2_envfix/counter/ratio_0200/compact_model/test/ours_26000_phasef_extra_compact_base/renders/00028.png,/dev/shm/peilincai_spcarnet_v100_checkpoint_attached_ela_fixed_counter_20260625/recovery_model/test/ours_26000_v100_checkpoint_attached_ela_endpoint/renders/00028.png,/dev/shm/peilincai_spcarnet_v100_checkpoint_attached_ela_fixed_counter_20260625/recovery_model/test/ours_26000_v100_checkpoint_attached_ela_endpoint/gt/00028.png,26.354461669921875,27.808753967285156,1.4542922973632812,0.8676291704177856,0.8895013928413391,0.021872222423553467,0.23744885623455048,0.18559737503528595,-0.051851481199264526,27.808753967285156,0.8895013928413391,0.18559737503528595,0.8786368370056152,0.013020360842347145,0.2500000298023224,True
counter,00029.png,outputs/carnet/meshsplatopt/ecsr_phase_f/policy_val_compaction_ladder_v2_envfix/counter/ratio_0200/compact_model/test/ours_26000_phasef_extra_compact_base/renders/00029.png,/dev/shm/peilincai_spcarnet_v100_checkpoint_attached_ela_fixed_counter_20260625/recovery_model/test/ours_26000_v100_checkpoint_attached_ela_endpoint/renders/00029.png,/dev/shm/peilincai_spcarnet_v100_checkpoint_attached_ela_fixed_counter_20260625/recovery_model/test/ours_26000_v100_checkpoint_attached_ela_endpoint/gt/00029.png,23.95962142944336,24.28050994873047,0.3208885192871094,0.8006290793418884,0.8075205683708191,0.006891489028930664,0.3282466232776642,0.2868342101573944,-0.041412413120269775,24.28050994873047,0.8075205683708191,0.2868342101573944,0.9139236807823181,0.012045025825500488,0.2500000298023224,True
