suite,scene,method,budget,tri_ratio,psnr,lpips,dpsnr_b0,dpsnr_b0_lo,dpsnr_b0_hi,dlpips_b0,dpsnr_b0p,dpsnr_b0p_lo,dpsnr_b0p_hi,dlpips_b0p,fps_ratio
S-REND,bicycle,B5,B50,0.5000,23.1353,0.3429,0.1143,0.0966,0.1317,-0.00436,-0.0260,-0.0541,0.0024,-0.00195,1.285
S-REND,flowers,B5,B50,0.5000,19.2436,0.4071,-0.1465,-0.3088,-0.0035,-0.00135,-0.2244,-0.3686,-0.0964,-0.00033,1.281
S-REND,garden,B5,B50,0.5000,24.8509,0.2101,0.1389,0.0970,0.1769,-0.00613,0.0703,0.0374,0.0996,-0.00318,1.291
S-REND,stump,B5,B50,0.5000,24.9067,0.3071,0.0406,0.0056,0.0744,-0.00233,-0.0471,-0.0914,-0.0046,0.00019,1.334
S-REND,treehill,B5,B50,0.5000,20.6720,0.4185,0.0200,-0.0448,0.0933,-0.00249,-0.0145,-0.0748,0.0544,0.00081,1.352
S-REND,room,B5,B50,0.5000,28.4584,0.2647,-0.0170,-0.1174,0.0641,-0.00344,-0.1423,-0.2376,-0.0624,0.00409,1.239
S-REND,counter,B5,B50,0.5000,26.4466,0.2724,0.0364,-0.0292,0.0960,-0.00524,-0.1357,-0.1975,-0.0833,0.00727,1.300
S-REND,kitchen,B5,B50,0.5000,27.4494,0.2191,0.1537,0.1032,0.2023,-0.00714,-0.1603,-0.2011,-0.1183,0.00818,1.277
S-REND,bonsai,B5,B50,0.5000,28.4922,0.2857,0.1135,0.0442,0.1707,-0.00447,-0.1513,-0.2230,-0.0875,0.00217,1.246
S-REND,bicycle,B4,B50,0.5000,23.0195,0.3475,-0.0016,-0.0063,0.0020,0.00025,-0.1419,-0.1768,-0.1073,0.00266,1.272
S-REND,flowers,B4,B50,0.5000,19.1527,0.4104,-0.2375,-0.4122,-0.0860,0.00193,-0.3153,-0.4725,-0.1776,0.00295,1.287
S-REND,garden,B4,B50,0.5000,24.7010,0.2163,-0.0110,-0.0327,0.0029,0.00008,-0.0796,-0.1019,-0.0611,0.00303,1.305
S-REND,stump,B4,B50,0.5000,24.8748,0.3097,0.0087,0.0013,0.0169,0.00023,-0.0790,-0.1150,-0.0420,0.00275,1.334
S-REND,treehill,B4,B50,0.5000,20.6005,0.4217,-0.0516,-0.0842,-0.0206,0.00069,-0.0861,-0.1176,-0.0568,0.00399,1.354
S-REND,room,B4,B50,0.5000,28.3743,0.2682,-0.1012,-0.1932,-0.0282,0.00005,-0.2265,-0.3158,-0.1538,0.00757,1.231
S-REND,counter,B4,B50,0.5000,26.3427,0.2778,-0.0675,-0.1297,-0.0154,0.00018,-0.2396,-0.3018,-0.1851,0.01269,1.301
S-REND,kitchen,B4,B50,0.5000,27.2664,0.2264,-0.0293,-0.0592,-0.0040,0.00017,-0.3433,-0.3948,-0.2898,0.01549,1.259
S-REND,bonsai,B4,B50,0.5000,28.3221,0.2903,-0.0567,-0.1184,-0.0121,0.00013,-0.3215,-0.3921,-0.2556,0.00677,1.250
S-REND,garden,B2,B50,0.5000,21.3776,0.3655,-3.3344,-3.6671,-3.0007,0.14928,-3.4030,-3.7486,-3.0584,0.15224,1.375
S-REND,garden,B5-iter,B50,0.5000,24.8689,0.2092,0.1569,0.1095,0.1995,-0.00709,0.0882,0.0501,0.1221,-0.00414,1.291
S-REND,bicycle,B5,B25,0.2500,23.0874,0.3475,0.0664,0.0382,0.0911,0.00029,-0.0739,-0.1134,-0.0396,0.00270,1.645
S-REND,flowers,B5,B25,0.2500,19.0502,0.4152,-0.3399,-0.5608,-0.1424,0.00677,-0.4178,-0.6212,-0.2340,0.00779,1.659
S-REND,garden,B5,B25,0.2500,24.7386,0.2148,0.0266,-0.0536,0.0985,-0.00143,-0.0420,-0.1112,0.0199,0.00152,1.681
S-REND,stump,B5,B25,0.2500,24.8171,0.3123,-0.0490,-0.0978,-0.0022,0.00281,-0.1366,-0.2023,-0.0753,0.00533,1.654
S-REND,treehill,B5,B25,0.2500,20.4381,0.4273,-0.2139,-0.3425,-0.0816,0.00629,-0.2484,-0.3760,-0.1194,0.00960,1.709
S-REND,room,B5,B25,0.2500,28.2561,0.2680,-0.2194,-0.4029,-0.0623,-0.00021,-0.3447,-0.5205,-0.1925,0.00732,1.450
S-REND,counter,B5,B25,0.2500,26.1074,0.2780,-0.3029,-0.4922,-0.1413,0.00042,-0.4750,-0.6571,-0.3188,0.01293,1.635
S-REND,kitchen,B5,B25,0.2500,27.0124,0.2257,-0.2833,-0.5151,-0.0842,-0.00051,-0.5973,-0.8159,-0.4179,0.01482,1.587
S-REND,bonsai,B5,B25,0.2500,28.1819,0.2929,-0.1968,-0.3894,-0.0324,0.00278,-0.4616,-0.6362,-0.3142,0.00942,1.479
S-REND,bicycle,B4,B25,0.2500,22.9645,0.3528,-0.0566,-0.0901,-0.0318,0.00559,-0.1969,-0.2482,-0.1525,0.00800,1.617
S-REND,flowers,B4,B25,0.2500,18.9683,0.4191,-0.4218,-0.6427,-0.2272,0.01065,-0.4997,-0.7022,-0.3186,0.01168,1.639
S-REND,garden,B4,B25,0.2500,24.5727,0.2225,-0.1393,-0.1993,-0.0869,0.00620,-0.2079,-0.2604,-0.1610,0.00915,1.664
S-REND,stump,B4,B25,0.2500,24.7639,0.3165,-0.1022,-0.1526,-0.0546,0.00709,-0.1899,-0.2623,-0.1198,0.00962,1.685
S-REND,treehill,B4,B25,0.2500,20.3596,0.4315,-0.2925,-0.3982,-0.1909,0.01056,-0.3270,-0.4335,-0.2273,0.01386,1.706
S-REND,room,B4,B25,0.2500,28.1696,0.2722,-0.3058,-0.4858,-0.1527,0.00399,-0.4311,-0.6027,-0.2814,0.01151,1.472
S-REND,counter,B4,B25,0.2500,26.0039,0.2839,-0.4064,-0.5940,-0.2436,0.00630,-0.5785,-0.7611,-0.4190,0.01881,1.636
S-REND,kitchen,B4,B25,0.2500,26.8391,0.2336,-0.4567,-0.6767,-0.2714,0.00738,-0.7706,-0.9799,-0.5980,0.02270,1.576
S-REND,bonsai,B4,B25,0.2500,28.0115,0.2982,-0.3672,-0.5478,-0.2155,0.00807,-0.6320,-0.7979,-0.4886,0.01472,1.508
S-REND,garden,B2,B25,0.2500,19.6950,0.4285,-5.0170,-5.3644,-4.6677,0.21225,-5.0857,-5.4443,-4.7266,0.21520,1.727
S-REND,bicycle,B5,B12.5,0.1250,22.7141,0.3681,-0.3070,-0.4202,-0.2094,0.02079,-0.4473,-0.5705,-0.3426,0.02321,1.958
S-REND,flowers,B5,B12.5,0.1250,18.2963,0.4409,-1.0938,-1.3549,-0.8405,0.03244,-1.1717,-1.4203,-0.9279,0.03346,1.991
S-REND,garden,B5,B12.5,0.1250,23.9107,0.2416,-0.8013,-1.0190,-0.6009,0.02532,-0.8699,-1.0804,-0.6737,0.02827,2.040
S-REND,stump,B5,B12.5,0.1250,24.0711,0.3378,-0.7950,-1.0359,-0.5670,0.02838,-0.8826,-1.1459,-0.6367,0.03090,2.038
S-REND,treehill,B5,B12.5,0.1250,19.5355,0.4502,-1.1165,-1.4023,-0.8360,0.02920,-1.1510,-1.4418,-0.8691,0.03251,2.107
S-REND,room,B5,B12.5,0.1250,26.9855,0.2866,-1.4900,-2.0521,-0.9837,0.01844,-1.6153,-2.1719,-1.1143,0.02597,1.717
S-REND,counter,B5,B12.5,0.1250,24.3963,0.2986,-2.0139,-2.7631,-1.3531,0.02103,-2.1860,-2.9180,-1.5363,0.03354,1.956
S-REND,kitchen,B5,B12.5,0.1250,24.9268,0.2439,-2.3689,-3.0488,-1.7332,0.01761,-2.6828,-3.3488,-2.0714,0.03293,1.916
S-REND,bonsai,B5,B12.5,0.1250,26.2006,0.3249,-2.1781,-2.8975,-1.5518,0.03481,-2.4430,-3.1326,-1.8357,0.04146,1.772
S-REND,bicycle,B4,B12.5,0.1250,22.5359,0.3771,-0.4851,-0.6089,-0.3795,0.02981,-0.6254,-0.7631,-0.5062,0.03222,1.998
S-REND,flowers,B4,B12.5,0.1250,18.1941,0.4460,-1.1961,-1.4456,-0.9536,0.03755,-1.2740,-1.5114,-1.0364,0.03857,1.973
S-REND,garden,B4,B12.5,0.1250,23.6416,0.2565,-1.0704,-1.2661,-0.8892,0.04021,-1.1390,-1.3316,-0.9597,0.04316,1.968
S-REND,stump,B4,B12.5,0.1250,23.9261,0.3464,-0.9400,-1.2029,-0.6894,0.03694,-1.0277,-1.3114,-0.7540,0.03947,2.040
S-REND,treehill,B4,B12.5,0.1250,19.4423,0.4562,-1.2097,-1.4821,-0.9527,0.03519,-1.2442,-1.5230,-0.9850,0.03849,2.086
S-REND,room,B4,B12.5,0.1250,26.8416,0.2939,-1.6338,-2.1889,-1.1360,0.02572,-1.7591,-2.3089,-1.2644,0.03325,1.707
S-REND,counter,B4,B12.5,0.1250,24.2809,0.3074,-2.1293,-2.8693,-1.4749,0.02977,-2.3014,-3.0240,-1.6546,0.04229,1.957
S-REND,kitchen,B4,B12.5,0.1250,24.7326,0.2559,-2.5631,-3.2173,-1.9597,0.02964,-2.8770,-3.5141,-2.2907,0.04497,1.920
S-REND,bonsai,B4,B12.5,0.1250,26.0151,0.3339,-2.3636,-3.0627,-1.7533,0.04377,-2.6284,-3.3022,-2.0373,0.05042,1.766
S-REND,bicycle,B2,B12.5,0.1250,17.9287,0.4912,-5.0923,-5.6095,-4.5747,0.14397,-5.2326,-5.7728,-4.6897,0.14639,1.955
S-REND,flowers,B2,B12.5,0.1250,14.5511,0.5314,-4.8390,-5.1426,-4.5352,0.12296,-4.9169,-5.2299,-4.6030,0.12399,1.072
S-REND,garden,B2,B12.5,0.1250,17.4730,0.4193,-7.2390,-7.7164,-6.7507,0.20308,-7.3077,-7.7948,-6.8091,0.20603,2.122
S-REND,stump,B2,B12.5,0.1250,19.6012,0.4616,-5.2649,-5.8588,-4.6135,0.15214,-5.3525,-5.9657,-4.6826,0.15467,2.008
S-REND,treehill,B2,B12.5,0.1250,15.9034,0.5195,-4.7487,-5.2426,-4.2494,0.09847,-4.7832,-5.2878,-4.2707,0.10177,2.110
S-REND,room,B2,B12.5,0.1250,20.2893,0.4934,-8.1862,-8.8363,-7.5552,0.22521,-8.3115,-8.9503,-7.6883,0.23274,1.776
S-REND,counter,B2,B12.5,0.1250,20.1662,0.4520,-6.2441,-7.0203,-5.4750,0.17436,-6.4162,-7.1918,-5.6428,0.18688,2.215
S-REND,kitchen,B2,B12.5,0.1250,20.0350,0.4519,-7.2607,-7.6748,-6.8420,0.22566,-7.5746,-8.0099,-7.1424,0.24098,2.124
S-REND,bonsai,B2,B12.5,0.1250,18.0061,0.5392,-10.3726,-11.0750,-9.6566,0.24905,-10.6374,-11.3656,-9.8943,0.25569,1.896
S-GEO,ss3dm_town01,B5,B50,0.5000,22.6343,0.2798,0.0608,-0.0167,0.1184,-0.00326,,,,,1.318
S-GEO,ss3dm_town02,B5,B50,0.5000,22.6693,0.2771,0.0454,-0.0098,0.0892,-0.00275,,,,,1.336
S-GEO,ss3dm_town03,B5,B50,0.5000,23.2784,0.2399,0.0974,0.0561,0.1364,-0.00455,,,,,1.300
S-GEO,ss3dm_town06,B5,B50,0.5000,21.7662,0.3122,-0.4470,-0.6908,-0.2204,-0.00118,,,,,1.258
S-GEO,ss3dm_town01,B4,B50,0.5000,22.5063,0.2835,-0.0672,-0.1363,-0.0204,0.00044,,,,,0.629
S-GEO,ss3dm_town02,B4,B50,0.5000,22.5687,0.2801,-0.0551,-0.1041,-0.0209,0.00025,,,,,1.319
S-GEO,ss3dm_town03,B4,B50,0.5000,23.1554,0.2446,-0.0255,-0.0480,-0.0087,0.00017,,,,,0.740
S-GEO,ss3dm_town06,B4,B50,0.5000,21.6859,0.3139,-0.5273,-0.7601,-0.3151,0.00048,,,,,1.256
S-GEO,ss3dm_town01,B5,B25,0.2500,22.3732,0.2827,-0.2003,-0.3824,-0.0494,-0.00037,,,,,1.633
S-GEO,ss3dm_town02,B5,B25,0.2500,22.4676,0.2788,-0.1563,-0.3170,-0.0274,-0.00098,,,,,1.696
S-GEO,ss3dm_town03,B5,B25,0.2500,23.1424,0.2414,-0.0386,-0.1505,0.0536,-0.00305,,,,,1.655
S-GEO,ss3dm_town06,B5,B25,0.2500,20.7244,0.3170,-1.4887,-2.0674,-0.9419,0.00362,,,,,1.568
S-GEO,ss3dm_town01,B4,B25,0.2500,22.2500,0.2867,-0.3235,-0.4999,-0.1781,0.00365,,,,,1.655
S-GEO,ss3dm_town02,B4,B25,0.2500,22.3699,0.2821,-0.2539,-0.4080,-0.1305,0.00229,,,,,1.643
S-GEO,ss3dm_town03,B4,B25,0.2500,23.0216,0.2464,-0.1593,-0.2655,-0.0727,0.00191,,,,,1.677
S-GEO,ss3dm_town06,B4,B25,0.2500,20.6456,0.3192,-1.5675,-2.1297,-1.0325,0.00584,,,,,1.577
S-DEV,toy_parking,B5,B50,0.5000,30.3705,0.1060,-0.5238,-0.8813,-0.2183,0.01240,,,,,1.211
S-DEV,courtyard,B5,B50,0.5000,17.5663,0.3889,-0.1198,-0.1985,-0.0636,0.00385,,,,,1.170
S-DEV,toy_parking,B4,B50,0.5000,30.3746,0.0958,-0.5197,-0.8516,-0.2466,0.00215,,,,,1.221
S-DEV,courtyard,B4,B50,0.5000,17.6479,0.3830,-0.0382,-0.0610,-0.0067,-0.00202,,,,,1.173
S-DEV,toy_parking,B2,B50,0.5000,28.7733,0.1723,-2.1210,-2.7827,-1.4807,0.07872,,,,,1.324
S-DEV,courtyard,B2,B50,0.5000,17.4360,0.4297,-0.2500,-0.7964,0.4462,0.04468,,,,,1.173
S-DEV,toy_parking,B5-iter,B50,0.5000,30.3527,0.1088,-0.5416,-0.9159,-0.2214,0.01512,,,,,1.190
S-DEV,toy_parking,B6R,B50,0.4801,29.9879,0.1120,-0.9065,-1.4615,-0.4290,0.01837,,,,,0.635
S-DEV,courtyard,B6R,B50,0.4898,18.0259,0.3826,0.3398,-0.2815,1.5159,-0.00240,,,,,1.112
S-DEV,toy_parking,B5,B25,0.2500,29.7660,0.1070,-1.1284,-1.8300,-0.5703,0.01338,,,,,1.443
S-DEV,courtyard,B5,B25,0.2500,17.2707,0.3850,-0.4154,-0.6128,-0.2662,0.00001,,,,,1.337
S-DEV,toy_parking,B4,B25,0.2500,29.7277,0.0999,-1.1667,-1.8435,-0.6331,0.00625,,,,,1.447
S-DEV,courtyard,B4,B25,0.2500,17.2966,0.3825,-0.3894,-0.5754,-0.2473,-0.00249,,,,,1.344
S-DEV,toy_parking,B2,B25,0.2500,26.3612,0.2407,-4.5331,-5.5339,-3.5624,0.14704,,,,,1.540
